[
  {
    "id": "65b1ec9f-9c89-4884-91d8-3ad14a8b9411",
    "data": [
      {
        "text": "regresar a horizonte de inversión",
        "alias": "horizonte",
        "meta": "@horizonte",
        "userDefined": true
      }
    ],
    "isTemplate": false,
    "count": 0,
    "updated": 1543431665
  },
  {
    "id": "d4202e85-8088-409c-b43c-dcd341cb6108",
    "data": [
      {
        "text": "entre 3 y 5 años",
        "alias": "horizonte",
        "meta": "@horizonte",
        "userDefined": false
      }
    ],
    "isTemplate": false,
    "count": 0,
    "updated": 1542178861
  },
  {
    "id": "7a6f7f6f-9231-42ed-9534-5f1b90da0175",
    "data": [
      {
        "text": "entre 1 y 3 años",
        "alias": "horizonte",
        "meta": "@horizonte",
        "userDefined": false
      }
    ],
    "isTemplate": false,
    "count": 0,
    "updated": 1542178861
  },
  {
    "id": "3a74bfdc-e34f-47dd-9c6f-73e2588c0c6e",
    "data": [
      {
        "text": "menos de 1 año",
        "alias": "horizonte",
        "meta": "@horizonte",
        "userDefined": false
      }
    ],
    "isTemplate": false,
    "count": 0,
    "updated": 1542178861
  },
  {
    "id": "73935d10-6cbb-4786-bdad-3e6530a3c33b",
    "data": [
      {
        "text": "menos de 90 días",
        "alias": "horizonte",
        "meta": "@horizonte",
        "userDefined": false
      }
    ],
    "isTemplate": false,
    "count": 0,
    "updated": 1542178861
  }
]