[
  {
    "id": "887e9189-e2fe-47c1-85f2-3178c6da9f55",
    "data": [
      {
        "text": "registrarse",
        "alias": "nuevoVisitante",
        "meta": "@nuevoVisitante",
        "userDefined": true
      }
    ],
    "isTemplate": false,
    "count": 0,
    "updated": 1542700182
  },
  {
    "id": "62f2646e-76e0-4083-a28d-10332de8878b",
    "data": [
      {
        "text": "es la primera vez",
        "alias": "nuevoVisitante",
        "meta": "@nuevoVisitante",
        "userDefined": true
      }
    ],
    "isTemplate": false,
    "count": 0,
    "updated": 1542161515
  }
]