[
  {
    "id": "04d6a5c0-56dc-44a3-af4f-dd54ea469025",
    "data": [
      {
        "text": "no tengo tiempo",
        "alias": "RespuestaBloqueUno",
        "meta": "@RespuestaBloqueUno",
        "userDefined": false
      }
    ],
    "isTemplate": false,
    "count": 0,
    "updated": 1542695970
  },
  {
    "id": "27603fa0-a29f-4f1c-833c-1a1c4c1bfbe9",
    "data": [
      {
        "text": "regresar a activos",
        "alias": "RespuestaBloqueUno",
        "meta": "@RespuestaBloqueUno",
        "userDefined": true
      }
    ],
    "isTemplate": false,
    "count": 0,
    "updated": 1543444313
  },
  {
    "id": "44ef0f3e-75b4-4434-9da3-d9345f17178b",
    "data": [
      {
        "text": "si adelante",
        "alias": "RespuestaBloqueUno",
        "meta": "@RespuestaBloqueUno",
        "userDefined": false
      }
    ],
    "isTemplate": false,
    "count": 0,
    "updated": 1542191281
  }
]