[
  {
    "id": "e26d1ea1-328b-405a-aac3-41cf548934ab",
    "data": [
      {
        "text": "más del 25% de mis ingresos",
        "alias": "ahorro",
        "meta": "@ahorro",
        "userDefined": true
      }
    ],
    "isTemplate": false,
    "count": 0,
    "updated": 1542180279
  },
  {
    "id": "75dffb1e-ff0f-4e97-b414-59ef56baf55a",
    "data": [
      {
        "text": "entre el 10% y el 25% de mis ingresos",
        "alias": "ahorro",
        "meta": "@ahorro",
        "userDefined": true
      }
    ],
    "isTemplate": false,
    "count": 0,
    "updated": 1542180279
  },
  {
    "id": "cf94f113-a22f-422a-b6ee-dcbfee09d412",
    "data": [
      {
        "text": "menos del 10% de mis ingresos",
        "alias": "ahorro",
        "meta": "@ahorro",
        "userDefined": true
      }
    ],
    "isTemplate": false,
    "count": 0,
    "updated": 1542180279
  },
  {
    "id": "3964ebbb-1854-4aa5-92bd-95868cd0432c",
    "data": [
      {
        "text": "no ahorro",
        "alias": "ahorro",
        "meta": "@ahorro",
        "userDefined": false
      }
    ],
    "isTemplate": false,
    "count": 0,
    "updated": 1542180279
  }
]