[
  {
    "id": "e128ed71-b4ac-45f1-b0eb-217b610b9989",
    "data": [
      {
        "text": "regresar a horizonte",
        "alias": "horizonte",
        "meta": "@horizonte",
        "userDefined": true
      }
    ],
    "isTemplate": false,
    "count": 0,
    "updated": 1543444264
  },
  {
    "id": "33b64b14-a935-46b2-a266-e383b228dacd",
    "data": [
      {
        "text": "aumentar patrimonio",
        "alias": "propositoInversion",
        "meta": "@propositoInversion",
        "userDefined": true
      }
    ],
    "isTemplate": false,
    "count": 0,
    "updated": 1542168750
  },
  {
    "id": "57360a9d-8e8b-48d5-8877-da40d33a64f5",
    "data": [
      {
        "text": "ahorrar para gastos de largo plazo",
        "alias": "propositoInversion",
        "meta": "@propositoInversion",
        "userDefined": true
      }
    ],
    "isTemplate": false,
    "count": 0,
    "updated": 1542168750
  },
  {
    "id": "135c0949-1e1f-4729-9279-ec31e15530ca",
    "data": [
      {
        "text": "financiar gastos de corto plazo",
        "alias": "propositoInversion",
        "meta": "@propositoInversion",
        "userDefined": true
      }
    ],
    "isTemplate": false,
    "count": 0,
    "updated": 1542168750
  },
  {
    "id": "9cb8941d-bf41-484f-942b-f9b39fe196a2",
    "data": [
      {
        "text": "preservar capital",
        "alias": "propositoInversion",
        "meta": "@propositoInversion",
        "userDefined": true
      }
    ],
    "isTemplate": false,
    "count": 0,
    "updated": 1542168750
  }
]