[
  {
    "id": "18e56ac9-22a6-4c93-92ce-c07c07bc3478",
    "data": [
      {
        "text": "10% instrumentos de capitalización y 90% instrumentos de deuda",
        "alias": "tipoActivos",
        "meta": "@tipoActivos",
        "userDefined": true
      }
    ],
    "isTemplate": false,
    "count": 0,
    "updated": 1542182933
  },
  {
    "id": "3b575af6-0b22-40ef-8522-462e90881415",
    "data": [
      {
        "text": "40% instrumentos de capitalización y 60% instrumentos de deuda",
        "alias": "tipoActivos",
        "meta": "@tipoActivos",
        "userDefined": true
      }
    ],
    "isTemplate": false,
    "count": 0,
    "updated": 1542182933
  },
  {
    "id": "aa8718fe-22d8-410c-8e2a-8890f4063492",
    "data": [
      {
        "text": "60% instrumentos de capitalización y 40% instrumentos de deuda",
        "alias": "tipoActivos",
        "meta": "@tipoActivos",
        "userDefined": true
      }
    ],
    "isTemplate": false,
    "count": 0,
    "updated": 1542182933
  },
  {
    "id": "32e4d91b-5613-4164-a1fc-c36657b078ec",
    "data": [
      {
        "text": "90% instrumentos de capitalización y 10% instrumentos de deuda",
        "alias": "tipoActivos",
        "meta": "@tipoActivos",
        "userDefined": true
      }
    ],
    "isTemplate": false,
    "count": 0,
    "updated": 1542182933
  }
]