[
  {
    "id": "519410b7-802a-4f82-9e62-afb9c5f23ad5",
    "data": [
      {
        "text": "regresar a experiencia",
        "alias": "experiencia",
        "meta": "@experiencia",
        "userDefined": false
      }
    ],
    "isTemplate": false,
    "count": 0,
    "updated": 1543444008
  },
  {
    "id": "85f0ee4a-b06c-4fea-a9eb-88542a842039",
    "data": [
      {
        "text": "en teoría, prefiero no exponerme a posibles pérdidas en el valor de mi cartera",
        "alias": "afirmaciones",
        "meta": "@afirmaciones",
        "userDefined": true
      }
    ],
    "isTemplate": false,
    "count": 0,
    "updated": 1542186830
  },
  {
    "id": "0140af09-39c8-4391-8aa0-2cfb9dcb25be",
    "data": [
      {
        "text": "prefiero rentabilidades menores en el largo plazo, pero evitar enfrentar disminuciones en mi capital",
        "alias": "afirmaciones",
        "meta": "@afirmaciones",
        "userDefined": true
      }
    ],
    "isTemplate": false,
    "count": 0,
    "updated": 1542186830
  },
  {
    "id": "dc46e1b0-9875-470d-95c4-27555cf34d85",
    "data": [
      {
        "text": "acepto algunas alzas y bajas de rentabilidad, porque estimo que a largo plazo la rentabilidad de mis ahorros puede ser mayor",
        "alias": "afirmaciones",
        "meta": "@afirmaciones",
        "userDefined": true
      }
    ],
    "isTemplate": false,
    "count": 1,
    "updated": 1542186830
  },
  {
    "id": "0ee27bb7-5961-4b3c-a20f-ac7295250f55",
    "data": [
      {
        "text": "espero que mi ahorro tenga rentabilidades mayores en el largo plazo y entiendo que para ello debo asumir mayores riesgos que pueden implicar fluctuaciones en el valor de mi cartera",
        "alias": "afirmaciones",
        "meta": "@afirmaciones",
        "userDefined": true
      }
    ],
    "isTemplate": false,
    "count": 0,
    "updated": 1542186830
  }
]