[
  {
    "id": "6e6a6085-5c98-4044-8659-4ff05caedd7e",
    "data": [
      {
        "text": "alto",
        "alias": "alto",
        "meta": "@alto",
        "userDefined": false
      }
    ],
    "isTemplate": false,
    "count": 0,
    "updated": 1542759581
  },
  {
    "id": "8bcebe6e-6358-4f23-9d3d-388fb75a670a",
    "data": [
      {
        "text": "juan",
        "alias": "name",
        "meta": "@sys.given-name",
        "userDefined": true
      }
    ],
    "isTemplate": false,
    "count": 0,
    "updated": 1542162514
  },
  {
    "id": "f1e64016-2eff-447f-8771-8ae9505ee4a1",
    "data": [
      {
        "text": "soy ",
        "userDefined": false
      },
      {
        "text": "juan",
        "alias": "name",
        "meta": "@sys.given-name",
        "userDefined": true
      }
    ],
    "isTemplate": false,
    "count": 0,
    "updated": 1542162514
  },
  {
    "id": "90abac3d-c1fe-4d13-98c2-4ccd5c01513d",
    "data": [
      {
        "text": "gracias me llamo ",
        "userDefined": false
      },
      {
        "text": "juan",
        "alias": "name",
        "meta": "@sys.given-name",
        "userDefined": true
      }
    ],
    "isTemplate": false,
    "count": 0,
    "updated": 1542162514
  },
  {
    "id": "aa0a4de4-bf28-40e2-9a9a-21bb5305bc3b",
    "data": [
      {
        "text": "gracias mi nombre es ",
        "userDefined": false
      },
      {
        "text": "juan",
        "alias": "name",
        "meta": "@sys.given-name",
        "userDefined": true
      }
    ],
    "isTemplate": false,
    "count": 0,
    "updated": 1542162514
  },
  {
    "id": "2d8f93c4-a339-4770-bf09-7a1e77769bcd",
    "data": [
      {
        "text": "me llamo ",
        "userDefined": false
      },
      {
        "text": "juan",
        "alias": "name",
        "meta": "@sys.given-name",
        "userDefined": true
      }
    ],
    "isTemplate": false,
    "count": 0,
    "updated": 1542162514
  },
  {
    "id": "de8c0e6b-7654-4512-9478-a28eced9ceb8",
    "data": [
      {
        "text": "mi nombre es ",
        "userDefined": false
      },
      {
        "text": "juan",
        "alias": "name",
        "meta": "@sys.given-name",
        "userDefined": true
      }
    ],
    "isTemplate": false,
    "count": 0,
    "updated": 1542162514
  }
]