[
  {
    "id": "5bc24251-62eb-445c-b507-7f687a18a6d2",
    "data": [
      {
        "text": "29",
        "alias": "number",
        "meta": "@sys.number",
        "userDefined": false
      }
    ],
    "isTemplate": false,
    "count": 0,
    "updated": 1542163411
  },
  {
    "id": "68233f55-eb0d-410c-9a84-53e191b9cb49",
    "data": [
      {
        "text": "29 años",
        "alias": "number",
        "meta": "@sys.number",
        "userDefined": false
      }
    ],
    "isTemplate": false,
    "count": 0,
    "updated": 1542163411
  },
  {
    "id": "2fe70f27-b6ef-44d0-a451-52e6f2a60db2",
    "data": [
      {
        "text": "tengo ",
        "userDefined": false
      },
      {
        "text": "29 años",
        "alias": "number",
        "meta": "@sys.number",
        "userDefined": false
      }
    ],
    "isTemplate": false,
    "count": 0,
    "updated": 1542163411
  }
]