[
  {
    "id": "99fda08f-ad61-4d09-88fc-474a9ebea3c7",
    "data": [
      {
        "text": "avanzada",
        "alias": "experiencia",
        "meta": "@experiencia",
        "userDefined": false
      }
    ],
    "isTemplate": false,
    "count": 0,
    "updated": 1542181170
  },
  {
    "id": "d98e0131-ec2e-46c5-b4a3-360f4c304884",
    "data": [
      {
        "text": "amplia",
        "alias": "experiencia",
        "meta": "@experiencia",
        "userDefined": false
      }
    ],
    "isTemplate": false,
    "count": 0,
    "updated": 1542181170
  },
  {
    "id": "aa9eded2-8710-4407-bd94-9961bff7b7bb",
    "data": [
      {
        "text": "discreta",
        "alias": "experiencia",
        "meta": "@experiencia",
        "userDefined": false
      }
    ],
    "isTemplate": false,
    "count": 0,
    "updated": 1542181170
  },
  {
    "id": "495c43b6-d89e-4d70-8e45-119d44c631d2",
    "data": [
      {
        "text": "nula",
        "alias": "experiencia",
        "meta": "@experiencia",
        "userDefined": false
      }
    ],
    "isTemplate": false,
    "count": 0,
    "updated": 1542181170
  }
]