[
  {
    "id": "ef48238a-3569-4b3a-852e-ef1a13fa45e6",
    "data": [
      {
        "text": "analizar la conveniencia de aumentar el monto de la inversión",
        "alias": "decisiones",
        "meta": "@decisiones",
        "userDefined": true
      }
    ],
    "isTemplate": false,
    "count": 0,
    "updated": 1542181049
  },
  {
    "id": "13705bc8-3458-4647-bf84-3ffe941506fe",
    "data": [
      {
        "text": "mantener la inversión actual",
        "alias": "decisiones",
        "meta": "@decisiones",
        "userDefined": true
      }
    ],
    "isTemplate": false,
    "count": 0,
    "updated": 1542181049
  },
  {
    "id": "372d471b-866a-4426-b77a-ccb60a0889e9",
    "data": [
      {
        "text": "traspasar mis inversiones a un producto más conservador",
        "alias": "decisiones",
        "meta": "@decisiones",
        "userDefined": true
      }
    ],
    "isTemplate": false,
    "count": 0,
    "updated": 1542181049
  },
  {
    "id": "607da8ff-75a0-4789-b6a3-89045159d9f5",
    "data": [
      {
        "text": "liquidar toda la inversión para no exponerse a caídas adicionales",
        "alias": "decisiones",
        "meta": "@decisiones",
        "userDefined": true
      }
    ],
    "isTemplate": false,
    "count": 0,
    "updated": 1542181049
  }
]