[
  {
    "id": "c82d2b57-0c7d-4c26-8abf-4134e90ef883",
    "data": [
      {
        "text": "los señalados en el literal anterior más Instrumentos sofisticados, tales como: Simultáneas, Notas Estructuradas, Opciones, Forward, entre otros",
        "alias": "productos",
        "meta": "@productos",
        "userDefined": false
      },
      {
        "text": ".",
        "userDefined": false
      }
    ],
    "isTemplate": false,
    "count": 0,
    "updated": 1542182195
  },
  {
    "id": "87be1ed2-a2a9-4c23-b859-0ea26f7f3b24",
    "data": [
      {
        "text": "los señalados en el literal anterior más Instrumentos de capitalización, tales como: Acciones, cuotas de fondos mutuos accionarios y balanceados accionarios, cuotas de fondos de inversión, entre otros",
        "alias": "productos",
        "meta": "@productos",
        "userDefined": false
      },
      {
        "text": ".",
        "userDefined": false
      }
    ],
    "isTemplate": false,
    "count": 0,
    "updated": 1542182195
  },
  {
    "id": "cbc59baa-d49b-4690-9bb2-f4d9eddd3cbf",
    "data": [
      {
        "text": "los señalados en el literal anterior más compra y venta de moneda extranjera",
        "alias": "productos",
        "meta": "@productos",
        "userDefined": false
      }
    ],
    "isTemplate": false,
    "count": 0,
    "updated": 1542182195
  },
  {
    "id": "b43b64f2-edd8-4fc1-99f3-a902cda9e382",
    "data": [
      {
        "text": "instrumentos de deuda, tales como: Bonos, depósitos a plazo, cuotas de fondos mutuos renta fija y balanceados renta fija, entre otros",
        "alias": "productos",
        "meta": "@productos",
        "userDefined": false
      },
      {
        "text": ".",
        "userDefined": false
      }
    ],
    "isTemplate": false,
    "count": 0,
    "updated": 1542182195
  }
]