[
  {
    "id": "f6a16f5a-fa0f-4bc4-945d-e9e05cb05182",
    "data": [
      {
        "text": "conocer perfil",
        "alias": "retorno",
        "meta": "@retorno",
        "userDefined": false
      }
    ],
    "isTemplate": false,
    "count": 0,
    "updated": 1543446538
  },
  {
    "id": "b7121b2c-f7cb-4021-8678-000260474099",
    "data": [
      {
        "text": "mas de 70%",
        "alias": "porcentaje",
        "meta": "@porcentaje",
        "userDefined": true
      }
    ],
    "isTemplate": false,
    "count": 1,
    "updated": 1542181839
  },
  {
    "id": "e5a8edbb-eaeb-49eb-b5c2-41e4e2e012c0",
    "data": [
      {
        "text": "entre 40% y 70%",
        "alias": "porcentaje",
        "meta": "@porcentaje",
        "userDefined": true
      }
    ],
    "isTemplate": false,
    "count": 1,
    "updated": 1542181839
  },
  {
    "id": "7dfd0396-27c4-4682-a6a3-f50944faab0b",
    "data": [
      {
        "text": "entre 20% y 40%",
        "alias": "porcentaje",
        "meta": "@porcentaje",
        "userDefined": true
      }
    ],
    "isTemplate": false,
    "count": 1,
    "updated": 1542181839
  },
  {
    "id": "df55fa53-0281-4a34-9c95-0c66c3373e61",
    "data": [
      {
        "text": "menos de 20%",
        "alias": "porcentaje",
        "meta": "@porcentaje",
        "userDefined": true
      }
    ],
    "isTemplate": false,
    "count": 1,
    "updated": 1542181839
  },
  {
    "id": "9aca917a-3190-4645-8e8c-1b6ec8b6b338",
    "data": [
      {
        "text": "nada",
        "alias": "porcentaje",
        "meta": "@porcentaje",
        "userDefined": false
      }
    ],
    "isTemplate": false,
    "count": 1,
    "updated": 1542181839
  }
]