[
  {
    "id": "c3cccb27-49c2-4395-bf20-19a50b58e00d",
    "data": [
      {
        "text": "doctorado",
        "alias": "estudios",
        "meta": "@estudios",
        "userDefined": false
      }
    ],
    "isTemplate": false,
    "count": 0,
    "updated": 1542167694
  },
  {
    "id": "0c38380a-3bde-4c99-b40c-396c6ea49a10",
    "data": [
      {
        "text": "posgrado",
        "alias": "estudios",
        "meta": "@estudios",
        "userDefined": false
      }
    ],
    "isTemplate": false,
    "count": 0,
    "updated": 1542167694
  },
  {
    "id": "499be430-c779-47fd-95af-1c886bbdff4f",
    "data": [
      {
        "text": "superior",
        "alias": "estudios",
        "meta": "@estudios",
        "userDefined": false
      }
    ],
    "isTemplate": false,
    "count": 0,
    "updated": 1542167694
  },
  {
    "id": "7f9cc3ce-6a38-41ac-8ef6-2ef3bc6ceb89",
    "data": [
      {
        "text": "media",
        "alias": "estudios",
        "meta": "@estudios",
        "userDefined": false
      }
    ],
    "isTemplate": false,
    "count": 0,
    "updated": 1542167694
  },
  {
    "id": "c70be764-58cc-4317-9ead-0c9aea8d3d83",
    "data": [
      {
        "text": "basica",
        "alias": "estudios",
        "meta": "@estudios",
        "userDefined": false
      }
    ],
    "isTemplate": false,
    "count": 0,
    "updated": 1542167694
  }
]