[
  {
    "id": "04c91b03-a51e-4b54-b54c-ec76d6becfed",
    "data": [
      {
        "text": "regresar a productos",
        "alias": "compromisos",
        "meta": "@compromisos",
        "userDefined": true
      }
    ],
    "isTemplate": false,
    "count": 0,
    "updated": 1543444193
  },
  {
    "id": "3626526a-16dc-4c11-9231-386c5f28c405",
    "data": [
      {
        "text": "si, más del 60%",
        "alias": "compromisos",
        "meta": "@compromisos",
        "userDefined": true
      }
    ],
    "isTemplate": false,
    "count": 0,
    "updated": 1542180623
  },
  {
    "id": "c2c9229d-6e3f-4f49-8e89-25f0e95003f4",
    "data": [
      {
        "text": "si, entre 30% y 60%",
        "alias": "compromisos",
        "meta": "@compromisos",
        "userDefined": true
      }
    ],
    "isTemplate": false,
    "count": 0,
    "updated": 1542180623
  },
  {
    "id": "51563b4e-6c78-4796-b7e7-c6127f6639ee",
    "data": [
      {
        "text": "si, menos de 30%",
        "alias": "compromisos",
        "meta": "@compromisos",
        "userDefined": true
      }
    ],
    "isTemplate": false,
    "count": 0,
    "updated": 1542180623
  },
  {
    "id": "5be935b5-5443-4b70-ac7c-d15aa9675725",
    "data": [
      {
        "text": "no",
        "alias": "compromisos",
        "meta": "@compromisos",
        "userDefined": false
      }
    ],
    "isTemplate": false,
    "count": 0,
    "updated": 1542180623
  }
]