[
  {
    "id": "66dad9ca-6723-4981-af44-8bffc6ffd910",
    "data": [
      {
        "text": "registrarse",
        "alias": "nuevoVisitante",
        "meta": "@nuevoVisitante",
        "userDefined": false
      }
    ],
    "isTemplate": false,
    "count": 0,
    "updated": 1542711553
  },
  {
    "id": "a74a5053-16b9-4033-8c5e-5385da635289",
    "data": [
      {
        "text": "hola",
        "userDefined": false
      }
    ],
    "isTemplate": false,
    "count": 0,
    "updated": 1542148859
  }
]