[
  {
    "id": "b0cbc056-c271-4350-817e-7a985e7adba3",
    "data": [
      {
        "text": "si una vez",
        "alias": "visitado_anteriormente",
        "meta": "@visitado_anteriormente",
        "userDefined": true
      }
    ],
    "isTemplate": false,
    "count": 0,
    "updated": 1542160609
  },
  {
    "id": "c4ddb3b2-0b0d-4c9b-8d15-ba8441a6f6e8",
    "data": [
      {
        "text": "adelante",
        "userDefined": false
      }
    ],
    "isTemplate": false,
    "count": 0,
    "updated": 1542160523
  },
  {
    "id": "bc29329b-f1c5-407f-8e8c-9d4cceb37e07",
    "data": [
      {
        "text": "buena idea",
        "userDefined": false
      }
    ],
    "isTemplate": false,
    "count": 0,
    "updated": 1542160523
  },
  {
    "id": "50ed6c6d-e000-4d68-a013-c26ca3b1cdb7",
    "data": [
      {
        "text": "por supuesto",
        "userDefined": false
      }
    ],
    "isTemplate": false,
    "count": 0,
    "updated": 1542160523
  },
  {
    "id": "f8945f87-9689-4ead-9b1a-7ad17dc1626f",
    "data": [
      {
        "text": "confirmar",
        "userDefined": false
      }
    ],
    "isTemplate": false,
    "count": 0,
    "updated": 1542160523
  },
  {
    "id": "b715b414-2004-40b3-b265-a28d7602e3e9",
    "data": [
      {
        "text": "de acuerdo",
        "userDefined": false
      }
    ],
    "isTemplate": false,
    "count": 0,
    "updated": 1542160523
  },
  {
    "id": "c4c61e9b-180b-4777-b1cf-924d623e043d",
    "data": [
      {
        "text": "sí",
        "userDefined": false
      }
    ],
    "isTemplate": false,
    "count": 0,
    "updated": 1542160523
  },
  {
    "id": "068deadd-5430-48b7-9c75-7472289c5ab8",
    "data": [
      {
        "text": "correcto",
        "userDefined": false
      }
    ],
    "isTemplate": false,
    "count": 0,
    "updated": 1542160523
  },
  {
    "id": "20abb34a-6803-49f8-b9fc-ff1b3f3983d4",
    "data": [
      {
        "text": "claro que sí",
        "userDefined": false
      }
    ],
    "isTemplate": false,
    "count": 0,
    "updated": 1542160523
  },
  {
    "id": "52139974-260d-462d-8905-8470659165e0",
    "data": [
      {
        "text": "eso mismo",
        "userDefined": false
      }
    ],
    "isTemplate": false,
    "count": 0,
    "updated": 1497432757
  }
]