[
  {
    "value": "espero que mi ahorro tenga rentabilidades mayores en el largo plazo y entiendo que para ello debo asumir mayores riesgos que pueden implicar fluctuaciones en el valor de mi cartera",
    "synonyms": [
      "espero que mi ahorro tenga rentabilidades mayores en el largo plazo y entiendo que para ello debo asumir mayores riesgos que pueden implicar fluctuaciones en el valor de mi cartera"
    ]
  },
  {
    "value": "acepto algunas alzas y bajas de rentabilidad, porque estimo que a largo plazo la rentabilidad de mis ahorros puede ser mayor",
    "synonyms": [
      "acepto algunas alzas y bajas de rentabilidad, porque estimo que a largo plazo la rentabilidad de mis ahorros puede ser mayor"
    ]
  },
  {
    "value": "prefiero rentabilidades menores en el largo plazo, pero evitar enfrentar disminuciones en mi capital",
    "synonyms": [
      "prefiero rentabilidades menores en el largo plazo, pero evitar enfrentar disminuciones en mi capital"
    ]
  },
  {
    "value": "en teoría, prefiero no exponerme a posibles pérdidas en el valor de mi cartera",
    "synonyms": [
      "en teoría, prefiero no exponerme a posibles pérdidas en el valor de mi cartera"
    ]
  }
]