[
  {
    "value": "no ahorro",
    "synonyms": [
      "no ahorro"
    ]
  },
  {
    "value": "menos del 10% de mis ingresos",
    "synonyms": [
      "menos del 10% de mis ingresos",
      "menos del 10 de mis ingresos"
    ]
  },
  {
    "value": "entre el 10% y el 25% de mis ingresos",
    "synonyms": [
      "entre el 10% y el 25% de mis ingresos",
      "entre el 10 y el 25 de mis ingresos"
    ]
  },
  {
    "value": "más del 25% de mis ingresos",
    "synonyms": [
      "más del 25% de mis ingresos",
      "más del 25 de mis ingresos"
    ]
  }
]