[
  {
    "value": "no",
    "synonyms": [
      "no"
    ]
  },
  {
    "value": "si, menos de 30%",
    "synonyms": [
      "si, menos de 30%",
      "si menos de 30"
    ]
  },
  {
    "value": "si, entre 30% y 60%",
    "synonyms": [
      "si, entre 30% y 60%",
      "si, entre 30 y 60"
    ]
  },
  {
    "value": "si, más del 60%",
    "synonyms": [
      "si, más del 60%",
      "si, mas del 60"
    ]
  },
  {
    "value": "regresar a productos",
    "synonyms": [
      "regresar a productos"
    ]
  },
  {
    "value": "que es productos",
    "synonyms": [
      "que es productos"
    ]
  },
  {
    "value": "entendido, regresar a productos",
    "synonyms": [
      "entendido, regresar a productos"
    ]
  }
]