[
  {
    "value": "liquidar toda la inversión para no exponerse a caídas adicionales",
    "synonyms": [
      "liquidar toda la inversión para no exponerse a caídas adicionales"
    ]
  },
  {
    "value": "traspasar mis inversiones a un producto más conservador",
    "synonyms": [
      "traspasar mis inversiones a un producto más conservador"
    ]
  },
  {
    "value": "mantener la inversión actual",
    "synonyms": [
      "mantener la inversión actual"
    ]
  },
  {
    "value": "analizar la conveniencia de aumentar el monto de la inversión",
    "synonyms": [
      "analizar la conveniencia de aumentar el monto de la inversión"
    ]
  }
]