[
  {
    "value": "nula",
    "synonyms": [
      "nula"
    ]
  },
  {
    "value": "discreta",
    "synonyms": [
      "discreta"
    ]
  },
  {
    "value": "amplia",
    "synonyms": [
      "amplia"
    ]
  },
  {
    "value": "avanzada",
    "synonyms": [
      "avanzada"
    ]
  },
  {
    "value": "regresar a experiencia",
    "synonyms": [
      "regresar a experiencia"
    ]
  },
  {
    "value": "que es avanzada",
    "synonyms": [
      "que es avanzada"
    ]
  },
  {
    "value": "que es nula",
    "synonyms": [
      "que es nula"
    ]
  },
  {
    "value": "que es discreta",
    "synonyms": [
      "que es discreta"
    ]
  },
  {
    "value": "que es amplia",
    "synonyms": [
      "que es amplia"
    ]
  }
]