[
  {
    "value": "menos de 90 días",
    "synonyms": [
      "menos de 90 días",
      "menos de 90 dias"
    ]
  },
  {
    "value": "menos de 1 año",
    "synonyms": [
      "menos de 1 año"
    ]
  },
  {
    "value": "entre 1 y 3 años",
    "synonyms": [
      "entre 1 y 3 años"
    ]
  },
  {
    "value": "entre 3 y 5 años",
    "synonyms": [
      "entre 3 y 5 años"
    ]
  },
  {
    "value": "que es horizonte de inversion",
    "synonyms": [
      "que es horizonte de inversion"
    ]
  },
  {
    "value": "regresar a horizonte",
    "synonyms": [
      "regresar a horizonte"
    ]
  },
  {
    "value": "regresar a horizonte",
    "synonyms": [
      "regresar a horizonte"
    ]
  }
]