[
  {
    "value": "instrumentos de deuda, tales como: Bonos, depósitos a plazo, cuotas de fondos mutuos renta fija y balanceados renta fija, entre otros.",
    "synonyms": [
      "instrumentos de deuda, tales como: Bonos, depósitos a plazo, cuotas de fondos mutuos renta fija y balanceados renta fija, entre otros."
    ]
  },
  {
    "value": "los señalados en el literal anterior más compra y venta de moneda extranjera",
    "synonyms": [
      "los señalados en el literal anterior más compra y venta de moneda extranjera"
    ]
  },
  {
    "value": "los señalados en el literal anterior más Instrumentos de capitalización, tales como: Acciones, cuotas de fondos mutuos accionarios y balanceados accionarios, cuotas de fondos de inversión, entre otros.",
    "synonyms": [
      "los señalados en el literal anterior más Instrumentos de capitalización, tales como: Acciones, cuotas de fondos mutuos accionarios y balanceados accionarios, cuotas de fondos de inversión, entre otros."
    ]
  },
  {
    "value": "los señalados en el literal anterior más Instrumentos sofisticados, tales como: Simultáneas, Notas Estructuradas, Opciones, Forward, entre otros.",
    "synonyms": [
      "los señalados en el literal anterior más Instrumentos sofisticados, tales como: Simultáneas, Notas Estructuradas, Opciones, Forward, entre otros."
    ]
  }
]