[
  {
    "value": "90% instrumentos de capitalización y 10% instrumentos de deuda",
    "synonyms": [
      "90% instrumentos de capitalización y 10% instrumentos de deuda",
      "90 instrumentos de capitalización y 10 instrumentos de deuda"
    ]
  },
  {
    "value": "60% instrumentos de capitalización y 40% instrumentos de deuda",
    "synonyms": [
      "60% instrumentos de capitalización y 40% instrumentos de deuda",
      "60 instrumentos de capitalización y 40 instrumentos de deuda"
    ]
  },
  {
    "value": "40% instrumentos de capitalización y 60% instrumentos de deuda",
    "synonyms": [
      "40% instrumentos de capitalización y 60% instrumentos de deuda",
      "40 instrumentos de capitalización y 60 instrumentos de deuda"
    ]
  },
  {
    "value": "10% instrumentos de capitalización y 90% instrumentos de deuda",
    "synonyms": [
      "10% instrumentos de capitalización y 90% instrumentos de deuda",
      "10 instrumentos de capitalización y 90 instrumentos de deuda"
    ]
  }
]